{
    "01 - Coastal aerosol": {
        "max": 5298.0,
        "mean": 1347.347341,
        "median": 1307.0,
        "min": 843.0,
        "percentile_0_1": 874.0,
        "percentile_1": 976.0,
        "percentile_5": 1045.0,
        "percentile_95": 1813.0,
        "percentile_99": 2050.0,
        "percentile_99_9": 2550.0,
        "std": 240.10125045328212
    },
    "02 - Blue": {
        "max": 12740.0,
        "mean": 1112.60531,
        "median": 1044.0,
        "min": 484.0,
        "percentile_0_1": 616.0,
        "percentile_1": 701.0,
        "percentile_5": 755.0,
        "percentile_95": 1677.0,
        "percentile_99": 2177.0,
        "percentile_99_9": 3399.0,
        "std": 324.67334886282845
    },
    "03 - Green": {
        "max": 17331.0,
        "mean": 1041.138796,
        "median": 970.0,
        "min": 374.0,
        "percentile_0_1": 425.0,
        "percentile_1": 451.0,
        "percentile_5": 572.0,
        "percentile_95": 1755.0,
        "percentile_99": 2274.0,
        "percentile_99_9": 3541.0,
        "std": 389.02298515598073
    },
    "04 - Red": {
        "max": 17504.0,
        "mean": 943.822355,
        "median": 796.0,
        "min": 66.0,
        "percentile_0_1": 230.0,
        "percentile_1": 239.0,
        "percentile_5": 322.0,
        "percentile_95": 2110.0,
        "percentile_99": 2814.0,
        "percentile_99_9": 4018.0030000004917,
        "std": 589.4580171252691
    },
    "05 - Vegetation Red Edge": {
        "max": 11642.0,
        "mean": 1195.596917,
        "median": 1142.0,
        "min": 187.0,
        "percentile_0_1": 194.0,
        "percentile_1": 200.0,
        "percentile_5": 332.0,
        "percentile_95": 2239.0,
        "percentile_99": 2847.0,
        "percentile_99_9": 3675.0,
        "std": 564.5797216559369
    },
    "06 - Vegetation Red Edge": {
        "max": 15353.0,
        "mean": 1992.980413,
        "median": 2098.0,
        "min": 159.0,
        "percentile_0_1": 168.0,
        "percentile_1": 177.0,
        "percentile_5": 287.0,
        "percentile_95": 3318.0,
        "percentile_99": 3953.0,
        "percentile_99_9": 4462.0,
        "std": 881.1905132281837
    },
    "07 - Vegetation Red Edge": {
        "max": 18782.0,
        "mean": 2363.154527,
        "median": 2461.0,
        "min": 133.0,
        "percentile_0_1": 143.0,
        "percentile_1": 154.0,
        "percentile_5": 274.0,
        "percentile_95": 4105.0,
        "percentile_99": 4973.0,
        "percentile_99_9": 5832.0,
        "std": 1114.3352345808717
    },
    "08 - NIR": {
        "max": 16556.0,
        "mean": 2291.006863,
        "median": 2396.0,
        "min": 103.0,
        "percentile_0_1": 115.0,
        "percentile_1": 128.0,
        "percentile_5": 223.0,
        "percentile_95": 4083.0,
        "percentile_99": 4911.0,
        "percentile_99_9": 5746.0,
        "std": 1144.2984361633548
    },
    "08A - Vegetation Red Edge": {
        "max": 2597.0,
        "mean": 728.879711,
        "median": 708.0,
        "min": 44.0,
        "percentile_0_1": 48.0,
        "percentile_1": 55.0,
        "percentile_5": 65.0,
        "percentile_95": 1491.0,
        "percentile_99": 1857.0,
        "percentile_99_9": 2247.0,
        "std": 413.6607913515087
    },
    "09 - Water vapour": {
        "max": 47.0,
        "mean": 11.833383,
        "median": 11.0,
        "min": 2.0,
        "percentile_0_1": 4.0,
        "percentile_1": 5.0,
        "percentile_5": 6.0,
        "percentile_95": 19.0,
        "percentile_99": 25.0,
        "percentile_99_9": 37.0,
        "std": 4.053186373128061
    },
    "10 - SWIR - Cirrus": {
        "max": 15335.0,
        "mean": 1798.367089,
        "median": 1823.0,
        "min": 8.0,
        "percentile_0_1": 14.0,
        "percentile_1": 21.0,
        "percentile_5": 39.0,
        "percentile_95": 3488.0,
        "percentile_99": 4178.0,
        "percentile_99_9": 4752.001000000164,
        "std": 1012.8406490493287
    },
    "11 - SWIR": {
        "max": 12951.0,
        "mean": 1101.385268,
        "median": 1016.0,
        "min": 2.0,
        "percentile_0_1": 5.0,
        "percentile_1": 11.0,
        "percentile_5": 23.0,
        "percentile_95": 2532.0,
        "percentile_99": 3123.0,
        "percentile_99_9": 3875.0,
        "std": 766.3333995726458
    },
    "12 - SWIR": {
        "max": 18915.0,
        "mean": 2585.696728,
        "median": 2722.0,
        "min": 91.0,
        "percentile_0_1": 105.0,
        "percentile_1": 116.0,
        "percentile_5": 208.0,
        "percentile_95": 4515.0,
        "percentile_99": 5412.0,
        "percentile_99_9": 6261.0,
        "std": 1264.9006212323932
    },
    "label": {
        "max": 9.0,
        "mean": 4.428,
        "median": 4.0,
        "min": 0.0,
        "percentile_0_1": 0.0,
        "percentile_1": 0.0,
        "percentile_5": 0.0,
        "percentile_95": 9.0,
        "percentile_99": 9.0,
        "percentile_99_9": 9.0,
        "std": 3.0167558734508164
    }
}