epoch,time,train/loss,metrics/accuracy_top1,metrics/accuracy_top5,val/loss,lr/pg0,lr/pg1,lr/pg2
1,55.7345,1.89689,0.85294,0.99827,0.73988,0.00023474,0.00023474,0.00023474
2,111.289,0.68701,0.93426,0.99827,0.25876,0.000238734,0.000238734,0.000238734
